{
  "Close Sessions On End" : true,
  "Ansi 15 Color (Dark)" : {
    "Green Component" : 0.99997437000274658,
    "Blue Component" : 0.99999129772186279,
    "Red Component" : 1
  },
  "Non-ASCII Anti Aliased" : true,
  "Cursor Text Color" : {
    "Green Component" : 0,
    "Blue Component" : 0,
    "Red Component" : 0
  },
  "Smart Cursor Color" : false,
  "Prompt Before Closing 2" : false,
  "Ansi 3 Color (Dark)" : {
    "Green Component" : 0.81672251224517822,
    "Blue Component" : 0.19727933406829834,
    "Red Component" : 0.99627053737640381
  },
  "Ansi 12 Color (Dark)" : {
    "Green Component" : 0.81066548824310303,
    "Blue Component" : 0.99898606538772583,
    "Red Component" : 0.43880558013916016
  },
  "Mouse Reporting" : true,
  "Use Underline Color (Light)" : false,
  "Disable Window Resizing" : true,
  "BM Growl" : true,
  "Background Color (Dark)" : {
    "Green Component" : 0.14745020866394043,
    "Blue Component" : 0.16608485579490662,
    "Red Component" : 0.11278382688760757
  },
  "Guid" : "27EFEE52-789F-434B-8E4A-6576EF94F742",
  "Cursor Color (Dark)" : {
    "Green Component" : 0.91671288013458252,
    "Blue Component" : 0.91648769378662109,
    "Red Component" : 0.91654461622238159
  },
  "Initial Text" : "",
  "Selection Color (Dark)" : {
    "Red Component" : 0.39964282512664795,
    "Color Space" : "P3",
    "Blue Component" : 0.53899317979812622,
    "Alpha Component" : 1,
    "Green Component" : 0.48693007230758667
  },
  "Scrollback Lines" : 0,
  "Badge Color (Dark)" : {
    "Red Component" : 0.92929404973983765,
    "Color Space" : "P3",
    "Blue Component" : 0.13960540294647217,
    "Alpha Component" : 0.5,
    "Green Component" : 0.25479039549827576
  },
  "Ansi 0 Color (Dark)" : {
    "Green Component" : 0.35616019368171692,
    "Blue Component" : 0.40253299474716187,
    "Red Component" : 0.26286587119102478
  },
  "Transparency" : 0,
  "Bound Hosts" : [

  ],
  "Use Bright Bold" : true,
  "Horizontal Spacing" : 1,
  "Ansi 13 Color (Light)" : {
    "Green Component" : 0.40164706110954285,
    "Blue Component" : 0.60766077041625977,
    "Red Component" : 0.9887651801109314
  },
  "Blur" : false,
  "Ansi 13 Color" : {
    "Green Component" : 0.40164706110954285,
    "Blue Component" : 0.60766077041625977,
    "Red Component" : 0.9887651801109314
  },
  "Ansi 2 Color (Dark)" : {
    "Green Component" : 0.94388872385025024,
    "Blue Component" : 0.62042194604873657,
    "Red Component" : 0.36202818155288696
  },
  "Cursor Color" : {
    "Green Component" : 0.91671288013458252,
    "Blue Component" : 0.91648769378662109,
    "Red Component" : 0.91654461622238159
  },
  "Use Cursor Guide (Light)" : false,
  "Option Key Sends" : 0,
  "Idle Code" : 0,
  "Ansi 13 Color (Dark)" : {
    "Green Component" : 0.40164706110954285,
    "Blue Component" : 0.60766077041625977,
    "Red Component" : 0.9887651801109314
  },
  "Send Code When Idle" : false,
  "Selection Color" : {
    "Green Component" : 0.41462835669517517,
    "Blue Component" : 0.47096589207649231,
    "Red Component" : 0.30659490823745728
  },
  "Terminal Type" : "xterm-256color",
  "Cursor Boost (Dark)" : 0,
  "Right Option Key Sends" : 0,
  "Background Color" : {
    "Green Component" : 0.14745020866394043,
    "Blue Component" : 0.16608485579490662,
    "Red Component" : 0.11278382688760757
  },
  "Ansi 10 Color (Dark)" : {
    "Green Component" : 0.96712285280227661,
    "Blue Component" : 0.74659085273742676,
    "Red Component" : 0.67800694704055786
  },
  "Ansi 10 Color" : {
    "Green Component" : 0.96712285280227661,
    "Blue Component" : 0.74659085273742676,
    "Red Component" : 0.67800694704055786
  },
  "Vertical Spacing" : 1,
  "Use Tab Color (Light)" : false,
  "Cursor Type" : 2,
  "Columns" : 80,
  "Ansi 2 Color (Light)" : {
    "Green Component" : 0.94388872385025024,
    "Blue Component" : 0.62042194604873657,
    "Red Component" : 0.36202818155288696
  },
  "Screen" : -1,
  "Cursor Text Color (Dark)" : {
    "Green Component" : 0,
    "Blue Component" : 0,
    "Red Component" : 0
  },
  "Description" : "Default",
  "Unlimited Scrollback" : true,
  "Use Italic Font" : true,
  "Working Directory" : "\/Users\/monius",
  "Selected Text Color (Dark)" : {
    "Green Component" : 0.92142927646636963,
    "Blue Component" : 0.93115901947021484,
    "Red Component" : 0.90730977058410645
  },
  "Use Cursor Guide (Dark)" : false,
  "AWDS Window Option" : "No",
  "Visual Bell" : true,
  "Link Color (Light)" : {
    "Red Component" : 0,
    "Color Space" : "sRGB",
    "Blue Component" : 0.73423302173614502,
    "Alpha Component" : 1,
    "Green Component" : 0.35916060209274292
  },
  "Ansi 1 Color (Dark)" : {
    "Green Component" : 0.22098405659198761,
    "Blue Component" : 0.25575384497642517,
    "Red Component" : 0.9871404767036438
  },
  "Default Bookmark" : "No",
  "Ansi 14 Color (Light)" : {
    "Green Component" : 1,
    "Blue Component" : 0.90182536840438843,
    "Red Component" : 0.60292786359786987
  },
  "Ansi 7 Color (Light)" : {
    "Green Component" : 0.99997437000274658,
    "Blue Component" : 0.99999129772186279,
    "Red Component" : 1
  },
  "Ansi 3 Color (Light)" : {
    "Green Component" : 0.81672251224517822,
    "Blue Component" : 0.19727933406829834,
    "Red Component" : 0.99627053737640381
  },
  "Ansi 9 Color (Dark)" : {
    "Green Component" : 0.45310419797897339,
    "Blue Component" : 0.42818409204483032,
    "Red Component" : 0.98958194255828857
  },
  "Badge Color (Light)" : {
    "Red Component" : 1,
    "Color Space" : "sRGB",
    "Blue Component" : 0,
    "Alpha Component" : 0.5,
    "Green Component" : 0.1491314172744751
  },
  "Ansi 14 Color (Dark)" : {
    "Green Component" : 1,
    "Blue Component" : 0.90182536840438843,
    "Red Component" : 0.60292786359786987
  },
  "Tags" : [

  ],
  "Link Color (Dark)" : {
    "Red Component" : 0.1451396644115448,
    "Color Space" : "P3",
    "Blue Component" : 0.70932406187057495,
    "Alpha Component" : 1,
    "Green Component" : 0.35333043336868286
  },
  "Custom Command" : "No",
  "Jobs to Ignore" : [
    "rlogin",
    "ssh",
    "slogin",
    "telnet"
  ],
  "Use Non-ASCII Font" : false,
  "Custom Directory" : "Recycle",
  "Ansi 8 Color (Light)" : {
    "Green Component" : 0.69167852401733398,
    "Blue Component" : 0.72321081161499023,
    "Red Component" : 0.63061976432800293
  },
  "Bold Color (Light)" : {
    "Green Component" : 0.91671288013458252,
    "Blue Component" : 0.91648769378662109,
    "Red Component" : 0.91654461622238159
  },
  "Brighten Bold Text (Dark)" : true,
  "Name" : "zsh",
  "Ansi 11 Color (Dark)" : {
    "Green Component" : 0.88262283802032471,
    "Blue Component" : 0.42511638998985291,
    "Red Component" : 0.99765938520431519
  },
  "AWDS Pane Directory" : "",
  "Ansi 14 Color" : {
    "Green Component" : 1,
    "Blue Component" : 0.90182536840438843,
    "Red Component" : 0.60292786359786987
  },
  "Set Local Environment Vars" : 2,
  "Rows" : 25,
  "Background Color (Light)" : {
    "Green Component" : 0.14745020866394043,
    "Blue Component" : 0.16608485579490662,
    "Red Component" : 0.11278382688760757
  },
  "Cursor Guide Color (Light)" : {
    "Red Component" : 0.70213186740875244,
    "Color Space" : "sRGB",
    "Blue Component" : 1,
    "Alpha Component" : 0.25,
    "Green Component" : 0.9268307089805603
  },
  "Ansi 6 Color (Dark)" : {
    "Green Component" : 1,
    "Blue Component" : 0.82062870264053345,
    "Red Component" : 0.34860008955001831
  },
  "Use Tab Color" : false,
  "Use Bright Bold (Light)" : true,
  "Cursor Color (Light)" : {
    "Green Component" : 0.91671288013458252,
    "Blue Component" : 0.91648769378662109,
    "Red Component" : 0.91654461622238159
  },
  "Ansi 15 Color (Light)" : {
    "Green Component" : 0.99997437000274658,
    "Blue Component" : 0.99999129772186279,
    "Red Component" : 1
  },
  "AWDS Tab Directory" : "",
  "Sync Title" : false,
  "AWDS Window Directory" : "",